TestCase,Hosts,VMs,Cloudlets,Algorithm,Makespan,AvgWaitingTime,AvgTurnaroundTime,AvgResponseTime,Throughput,CPUUtil,MemUtil,BWUtil,LoadVariance,FairnessIndex,OverloadCount
1,8,19,293,Traditional RR,176.83,19.97,24.07,19.97,1.6570,15.12,11.34,7.56,0.057709,0.5005,1
1,8,19,293,MARR,156.22,19.71,23.81,19.71,1.8755,17.07,12.80,8.53,0.100333,0.4559,3
1,8,19,293,MMRR,122.57,13.47,17.66,13.47,2.3904,22.27,16.70,11.14,0.120431,0.5256,5
1,8,19,293,MMARRA,33.13,4.45,7.48,4.45,8.8450,59.57,44.68,29.79,0.041374,0.9089,4
2,8,15,296,Traditional RR,144.30,22.97,26.86,22.97,2.0513,22.16,16.62,11.08,0.096595,0.5589,2
2,8,15,296,MARR,196.25,27.30,31.62,27.30,1.5082,18.10,13.57,9.05,0.087057,0.5073,1
2,8,15,296,MMRR,154.75,17.80,21.96,17.80,1.9128,22.10,16.57,11.05,0.121303,0.5225,4
2,8,15,296,MMARRA,40.05,6.30,9.45,6.30,7.3902,64.59,48.44,32.29,0.011968,0.9702,0
3,8,16,264,Traditional RR,123.63,19.07,22.60,19.07,2.1355,19.85,14.88,9.92,0.087391,0.5267,2
3,8,16,264,MARR,143.65,21.59,25.43,21.59,1.8377,18.54,13.91,9.27,0.109663,0.4699,2
3,8,16,264,MMRR,136.83,12.69,16.47,12.69,1.9293,19.21,14.41,9.60,0.097279,0.5053,2
3,8,16,264,MMARRA,28.78,4.20,6.86,4.20,9.1730,64.27,48.20,32.14,0.025253,0.9475,2
4,8,16,410,Traditional RR,199.83,31.09,35.04,31.09,2.0517,21.32,15.99,10.66,0.098376,0.5360,2
4,8,16,410,MARR,201.17,29.70,33.54,29.70,2.0381,20.58,15.44,10.29,0.101465,0.5117,3
4,8,16,410,MMRR,198.54,20.70,24.59,20.70,2.0651,21.15,15.86,10.58,0.105710,0.5224,3
4,8,16,410,MMARRA,45.34,8.14,11.21,8.14,9.0430,73.07,54.80,36.53,0.012973,0.9732,1
5,8,18,442,Traditional RR,172.75,29.32,33.09,29.32,2.5586,22.46,16.84,11.23,0.099597,0.5598,3
5,8,18,442,MARR,192.80,31.85,35.68,31.85,2.2925,20.38,15.29,10.19,0.114277,0.5049,3
5,8,18,442,MMRR,191.85,21.15,25.42,21.15,2.3039,22.84,17.13,11.42,0.118882,0.5420,3
5,8,18,442,MMARRA,87.73,7.04,9.84,7.04,5.0382,32.87,24.65,16.43,0.003649,0.9661,1
6,8,18,301,Traditional RR,158.46,19.77,23.49,19.77,1.8995,16.42,12.32,8.21,0.073618,0.5011,3
6,8,18,301,MARR,149.64,21.56,25.39,21.56,2.0115,17.91,13.43,8.95,0.094654,0.4888,2
6,8,18,301,MMRR,110.65,13.11,16.65,13.11,2.7203,22.43,16.82,11.21,0.119783,0.5334,4
6,8,18,301,MMARRA,31.54,4.14,6.91,4.14,9.5428,61.50,46.13,30.75,0.031246,0.9328,2
7,8,16,391,Traditional RR,178.91,28.25,31.99,28.25,2.1855,21.46,16.09,10.73,0.092355,0.5452,3
7,8,16,391,MARR,200.70,29.28,33.13,29.28,1.9482,19.71,14.78,9.85,0.082174,0.5349,3
7,8,16,391,MMRR,210.83,20.67,24.76,20.67,1.8545,19.98,14.98,9.99,0.104469,0.5034,3
7,8,16,391,MMARRA,35.51,7.00,9.72,7.00,11.0116,78.80,59.10,39.40,0.011325,0.9817,1
8,9,15,238,Traditional RR,130.18,20.05,23.73,20.05,1.8282,18.68,14.01,9.34,0.105752,0.4893,2
8,9,15,238,MARR,131.57,19.48,23.35,19.48,1.8090,19.44,14.58,9.72,0.104146,0.5021,2
8,9,15,238,MMRR,120.99,12.23,16.02,12.23,1.9672,20.72,15.54,10.36,0.105686,0.5239,3
8,9,15,238,MMARRA,34.19,4.25,7.19,4.25,6.9611,56.83,42.62,28.41,0.041372,0.9004,2
9,9,19,389,Traditional RR,185.63,29.40,33.70,29.40,2.0956,20.02,15.02,10.01,0.098235,0.5203,3
9,9,19,389,MARR,208.69,27.24,31.33,27.24,1.8640,16.96,12.72,8.48,0.091760,0.4696,2
9,9,19,389,MMRR,143.21,16.91,20.80,16.91,2.7163,23.46,17.60,11.73,0.117252,0.5455,4
9,9,19,389,MMARRA,38.90,5.70,8.70,5.70,10.0000,66.52,49.89,33.26,0.028301,0.9347,2
10,8,16,431,Traditional RR,242.74,33.28,37.22,33.28,1.7756,18.43,13.82,9.21,0.075015,0.5231,2
10,8,16,431,MARR,226.08,33.75,37.77,33.75,1.9064,20.15,15.11,10.08,0.096712,0.5206,2
10,8,16,431,MMRR,203.07,23.09,27.18,23.09,2.1224,22.82,17.11,11.41,0.109364,0.5447,4
10,8,16,431,MMARRA,42.15,7.90,10.71,7.90,10.2247,75.63,56.72,37.81,0.018375,0.9633,0
